SeriesHash,MagneticFieldStrength,MRAcquisitionType,PulseSequenceName,SliceThickness,EchoTime,RepetitionTime,FlipAngle,EchoTrainLength,ParallelReductionFactorInPlane,AcquisitionDuration,PixelBandwidth,ImageOrientationPatientDICOM,BidsGuess,NIfTIPath
0000391B,3.0,2D,*tse2d1_17,5.0,0.086,5.52,150,17,4.0,38.614,193,"[0.99957, -0.029182, -0.00281417, 0.0293173, 0.994954, 0.0959488]","['anat', '_acq-tse2p4_run-3_T2w']",W:\MinMo_CI\niftis\Min-Mo-021-032\Min-Mo-032\DICOM\00006B9D\AA100FF4\AA57324C\0000391B\0000391B_ax_t2_tse_Med_DRS_480_20251231000000_3.nii.gz
00007322,3.0,2D,*tse2d1_17,5.0,0.088,5.52,150,17,2.0,182.139,191,"[0.999572, -0.0291309, -0.00280925, 0.0292661, 0.994956, 0.0959489]","['anat', '_acq-tse2p2_run-2_T2w']",W:\MinMo_CI\niftis\Min-Mo-021-032\Min-Mo-032\DICOM\00006B9D\AA100FF4\AA57324C\00007322\00007322_ax_t2_tse_20251231000000_2.nii.gz
0000BF75,3.0,2D,*tse2d1_17,5.0,0.088,6.36,150,17,2.0,88.997,191,"[0.995508, -0.0898871, 0.0297472, 0.062483, 0.387642, -0.91969]","['anat', '_acq-tse2p2_run-16_T2w']",W:\MinMo_CI\niftis\Min-Mo-021-032\Min-Mo-032\DICOM\00006B9D\AA100FF4\AA57324C\0000BF75\0000BF75_cor_t2_tse_20251231000000_16.nii.gz
00004533,3.0,2D,*tse2d1_17,5.0,0.088,5.13,150,17,2.0,169.267,191,"[1, 4.732e-12, 1.259e-12, -4.897e-12, 0.96638, 0.257118]","['anat', '_acq-tse2p2_run-2_T2w']",W:\MinMo_CI\niftis\Min-Mo-021-032\Min-Mo-031\DICOM\00007510\AAACB1C2\AAFAF247\00004533\00004533_ax_t2_tse_20251218000000_2.nii.gz
0000A949,3.0,2D,*tse2d1_17,5.0,0.088,5.13,150,17,2.0,169.269,191,"[1, 4.732e-12, 1.259e-12, -4.897e-12, 0.96638, 0.257118]","['anat', '_acq-tse2p2_run-4_T2w']",W:\MinMo_CI\niftis\Min-Mo-021-032\Min-Mo-031\DICOM\00007510\AAACB1C2\AAFAF247\0000A949\0000A949_ax_t2_tse_20251218000000_4.nii.gz
0000F5B7,3.0,2D,*tse2d1_17,5.0,0.086,5.52,150,17,4.0,38.599,193,"[1, 4.732e-12, 1.259e-12, -4.897e-12, 0.96638, 0.257118]","['anat', '_acq-tse2p4_run-3_T2w']",W:\MinMo_CI\niftis\Min-Mo-021-032\Min-Mo-031\DICOM\00007510\AAACB1C2\AAFAF247\0000F5B7\0000F5B7_ax_t2_tse_Med_DRS_480_20251218000000_3.nii.gz
00002F29,1.5,2D,*tse2d1_17,2.5,0.09,5.62,150,17,,213.54,191,"[0.999426, 4.897e-12, 0.033878, -4.894e-12, 1, -1.66e-13]","['anat', '_acq-tse2_run-3_T2w']",W:\MinMo_CI\niftis\Min-Mo-021-032\Min-Mo-030\DICOM\000048D9\AA1C8A45\AA433609\00002F29\00002F29_ax_t2_tse_20251217000000_3.nii.gz
000094B6,1.5,2D,*tse2d1_17,2.5,0.09,5.62,150,17,,213.54,191,"[0.994642, 4.897e-12, 0.103378, -4.87e-12, 1, -5.06e-13]","['anat', '_acq-tse2_run-3_T2w']",W:\MinMo_CI\niftis\Min-Mo-021-032\Min-Mo-028\DICOM\0000D216\AAE2A942\AA4A1C24\000094B6\000094B6_ax_t2_tse_20251217000000_3.nii.gz
000049A1,1.5,2D,*tse2d1_17,5.0,0.092,4.78,150,17,2.0,157.717,191,"[1, 4.767e-12, 1.121e-12, -4.897e-12, 0.973441, 0.228939]","['anat', '_acq-tse2p2_run-2_T2w']",W:\MinMo_CI\niftis\Min-Mo-021-032\Min-Mo-027\DICOM\0000885D\AA3EE150\AA0C8827\000049A1\000049A1_ax_t2_tse_20251217000000_2.nii.gz
0000FA0B,1.5,2D,*tse2d1_17,5.0,0.092,6.36,150,17,2.0,88.984,191,"[0.999901, 0.0140508, -0.000636826, -0.00633856, 0.40973, -0.912185]","['anat', '_acq-tse2p2_run-13_T2w']",W:\MinMo_CI\niftis\Min-Mo-021-032\Min-Mo-027\DICOM\0000885D\AA3EE150\AA0C8827\0000FA0B\0000FA0B_cor_t2_tse_20251217000000_13.nii.gz
00005996,3.0,2D,*tse2d1_17,5.0,0.086,5.52,150,17,4.0,38.614,193,"[0.995676, 0.0208928, -0.0905143, -0.0173796, 0.999071, 0.0394296]","['anat', '_acq-tse2p4_run-3_T2w']",W:\MinMo_CI\niftis\Min-Mo-021-032\Min-Mo-026\DICOM\000011EE\AAE027E8\AAD3A7CA\00005996\00005996_ax_t2_tse_Med_DRS_480_20251204000000_3.nii.gz
0000A6C5,3.0,2D,*tse2d1_17,5.0,0.088,5.52,150,17,2.0,182.139,191,"[0.995676, 0.0208928, -0.0905143, -0.0173796, 0.999071, 0.0394296]","['anat', '_acq-tse2p2_run-2_T2w']",W:\MinMo_CI\niftis\Min-Mo-021-032\Min-Mo-026\DICOM\000011EE\AAE027E8\AAD3A7CA\0000A6C5\0000A6C5_ax_t2_tse_20251204000000_2.nii.gz
0000E150,3.0,2D,*tse2d1_17,5.0,0.088,6.36,150,17,2.0,88.997,191,"[0.998442, 0.0557964, -0.00069399, -0.00675796, 0.108565, -0.994066]","['anat', '_acq-tse2p2_run-16_T2w']",W:\MinMo_CI\niftis\Min-Mo-021-032\Min-Mo-026\DICOM\000011EE\AAE027E8\AAD3A7CA\0000E150\0000E150_cor_t2_tse_20251204000000_16.nii.gz
0000D888,1.5,2D,*tse2d1_17,5.0,0.092,5.09,150,17,2.0,167.949,191,"[0.996233, 0.0863918, -0.00751098, -0.0808928, 0.957032, 0.278473]","['anat', '_acq-tse2p2_run-3_T2w']",W:\MinMo_CI\niftis\Min-Mo-021-032\Min-Mo-025\DICOM\000042BD\AA852F01\AA7C0042\0000D888\0000D888_ax_t2_tse_20251217000000_3.nii.gz
0000EC62,1.5,2D,*tse2d1_17,5.0,0.092,6.36,150,17,2.0,88.997,191,"[0.994782, 0.101174, 0.0131625, -0.0249234, 0.366078, -0.93025]","['anat', '_acq-tse2p2_run-14_T2w']",W:\MinMo_CI\niftis\Min-Mo-021-032\Min-Mo-025\DICOM\000042BD\AA852F01\AA7C0042\0000EC62\0000EC62_cor_t2_tse_20251217000000_14.nii.gz
000025C4,3.0,2D,*tse2d1_17,5.0,0.088,5.52,150,17,2.0,182.139,191,"[0.998966, 0.0382448, 0.0245959, -0.037735, 0.99907, -0.0208657]","['anat', '_acq-tse2p2_run-2_T2w']",W:\MinMo_CI\niftis\Min-Mo-021-032\Min-Mo-024\DICOM\0000CD50\AAAB7B2C\AAD0BCC4\000025C4\000025C4_ax_t2_tse_20251203000000_2.nii.gz
00007A9D,3.0,2D,*tse2d1_17,5.0,0.086,5.52,150,17,4.0,38.614,193,"[0.998968, 0.0381878, 0.0245971, -0.037678, 0.999072, -0.0208643]","['anat', '_acq-tse2p4_run-3_T2w']",W:\MinMo_CI\niftis\Min-Mo-021-032\Min-Mo-024\DICOM\0000CD50\AAAB7B2C\AAD0BCC4\00007A9D\00007A9D_ax_t2_tse_Med_DRS_480_20251203000000_3.nii.gz
000012F5,3.0,2D,*tse2d1_17,5.0,0.088,5.52,150,17,2.0,182.139,191,"[0.98958, -0.0124569, -0.143444, 0.017726, 0.999212, 0.0355134]","['anat', '_acq-tse2p2_run-2_T2w']",W:\MinMo_CI\niftis\Min-Mo-021-032\Min-Mo-023\DICOM\0000E18F\AA0B22C3\AA4D4518\000012F5\000012F5_ax_t2_tse_20251203000000_2.nii.gz
0000BBEF,3.0,2D,*tse2d1_17,5.0,0.086,5.52,150,17,4.0,38.614,193,"[0.989579, -0.012523, -0.143447, 0.0177915, 0.999211, 0.0355039]","['anat', '_acq-tse2p4_run-5_T2w']",W:\MinMo_CI\niftis\Min-Mo-021-032\Min-Mo-023\DICOM\0000E18F\AA0B22C3\AA4D4518\0000BBEF\0000BBEF_ax_t2_tse_Med_DRS_480_20251203000000_5.nii.gz
0000E559,3.0,2D,*tse2d1_17,5.0,0.088,6.36,150,17,2.0,89.012,191,"[0.99842, -0.0561817, -0.000675699, 0.0134751, 0.251109, -0.967865]","['anat', '_acq-tse2p2_run-11_T2w']",W:\MinMo_CI\niftis\Min-Mo-021-032\Min-Mo-023\DICOM\0000E18F\AA0B22C3\AA4D4518\0000E559\0000E559_cor_t2_tse_20251203000000_11.nii.gz
000013D5,3.0,2D,*tse2d1_17,5.0,0.086,5.52,150,17,4.0,38.614,193,"[0.999815, 0.0162638, -0.0102408, -0.0174518, 0.991457, -0.129262]","['anat', '_acq-tse2p4_run-11_T2w']",W:\MinMo_CI\niftis\Min-Mo-021-032\Min-Mo-022\DICOM\000093AF\AA75036C\AAE2D4E0\000013D5\000013D5_ax_t2_tse_Med_DRS_480_20251129000000_11.nii.gz
00002B9F,3.0,2D,*tse2d1_17,5.0,0.088,6.36,150,17,2.0,89.017,191,"[0.999977, 0.00679163, -4.06649e-10, -0.00161834, 0.238279, -0.971195]","['anat', '_acq-tse2p2_run-10_T2w']",W:\MinMo_CI\niftis\Min-Mo-021-032\Min-Mo-022\DICOM\000093AF\AA75036C\AAE2D4E0\00002B9F\00002B9F_cor_t2_tse_20251129000000_10.nii.gz
0000D7B6,3.0,2D,*tse2d1_17,5.0,0.088,5.52,150,17,2.0,182.139,191,"[0.999815, 0.0162638, -0.0102408, -0.0174518, 0.991457, -0.129262]","['anat', '_acq-tse2p2_run-2_T2w']",W:\MinMo_CI\niftis\Min-Mo-021-032\Min-Mo-022\DICOM\000093AF\AA75036C\AAE2D4E0\0000D7B6\0000D7B6_ax_t2_tse_20251129000000_2.nii.gz
0000059A,3.0,2D,*tse2d1_17,5.0,0.088,5.72,150,17,2.0,188.739,191,"[0.999848, 0.0174147, 0.00114689, -0.0174524, 0.997686, 0.065705]","['anat', '_acq-tse2p2_run-2_T2w']",W:\MinMo_CI\niftis\Min-Mo-021-032\Min-Mo-021\DICOM\0000F27D\AA56F42F\AAF74819\0000059A\0000059A_ax_t2_tse_20251127000000_2.nii.gz
0000D29F,3.0,2D,*tse2d1_17,5.0,0.086,5.57,150,17,4.0,38.969,193,"[0.999848, 0.0174147, 0.00114689, -0.0174524, 0.997686, 0.065705]","['anat', '_acq-tse2p4_run-3_T2w']",W:\MinMo_CI\niftis\Min-Mo-021-032\Min-Mo-021\DICOM\0000F27D\AA56F42F\AAF74819\0000D29F\0000D29F_ax_t2_tse_Med_DRS_480_20251127000000_3.nii.gz
0000E360,3.0,2D,*tse2d1_17,5.0,0.088,6.5,150,17,2.0,90.977,191,"[0.999568, 0.0293888, -0.000672734, -0.00850269, 0.267134, -0.963622]","['anat', '_acq-tse2p2_run-16_T2w']",W:\MinMo_CI\niftis\Min-Mo-021-032\Min-Mo-021\DICOM\0000F27D\AA56F42F\AAF74819\0000E360\0000E360_cor_t2_tse_20251127000000_16.nii.gz
0000045C,3.0,2D,*tse2d1_17,5.0,0.086,5.57,150,17,4.0,38.969,193,"[1, 4.876e-12, -4.5e-13, -4.897e-12, 0.99577, -0.091881]","['anat', '_acq-tse2p4_run-3_T2w']",W:\MinMo_CI\niftis\Min-Mo-011-020\Min-Mo-020\DICOM\00003A0B\AA0AE18F\AA8BA9AE\0000045C\0000045C_ax_t2_tse_Med_DRS_480_20251127000000_3.nii.gz
00007A28,3.0,2D,*tse2d1_17,5.0,0.088,5.72,150,17,2.0,188.739,191,"[1, 4.876e-12, -4.5e-13, -4.897e-12, 0.99577, -0.091881]","['anat', '_acq-tse2p2_run-2_T2w']",W:\MinMo_CI\niftis\Min-Mo-011-020\Min-Mo-020\DICOM\00003A0B\AA0AE18F\AA8BA9AE\00007A28\00007A28_ax_t2_tse_20251127000000_2.nii.gz
00000872,3.0,2D,*tse2d1_17,5.0,0.088,6.36,150,17,2.0,88.997,191,"[0.99851, -0.0545562, -0.000687835, 0.00865952, 0.170912, -0.985248]","['anat', '_acq-tse2p2_run-16_T2w']",W:\MinMo_CI\niftis\Min-Mo-011-020\Min-Mo-019\DICOM\00008F2E\AA3FA733\AAC5241D\00000872\00000872_cor_t2_tse_20251126000000_16.nii.gz
0000C5AD,3.0,2D,*tse2d1_17,5.0,0.088,5.52,150,17,2.0,182.139,191,"[0.998594, -0.0344273, -0.0403065, 0.0372279, 0.996786, 0.0709302]","['anat', '_acq-tse2p2_run-2_T2w']",W:\MinMo_CI\niftis\Min-Mo-011-020\Min-Mo-019\DICOM\00008F2E\AA3FA733\AAC5241D\0000C5AD\0000C5AD_ax_t2_tse_20251126000000_2.nii.gz
0000CC99,3.0,2D,*tse2d1_17,5.0,0.086,5.52,150,17,4.0,38.614,193,"[0.998591, -0.034514, -0.0403126, 0.0373148, 0.996783, 0.0709267]","['anat', '_acq-tse2p4_run-3_T2w']",W:\MinMo_CI\niftis\Min-Mo-011-020\Min-Mo-019\DICOM\00008F2E\AA3FA733\AAC5241D\0000CC99\0000CC99_ax_t2_tse_Med_DRS_480_20251126000000_3.nii.gz
00004124,3.0,2D,*tse2d1_17,5.0,0.088,5.13,150,17,2.0,169.269,191,"[0.998955, 0.00624736, -0.045271, -1.62815e-10, 0.990612, 0.136704]","['anat', '_acq-tse2p2_run-2_T2w']",W:\MinMo_CI\niftis\Min-Mo-011-020\Min-Mo-018\DICOM\00009790\AA6245DD\AA5FF5E0\00004124\00004124_ax_t2_tse_20251126000000_2.nii.gz
0000EA4B,3.0,2D,*tse2d1_17,5.0,0.086,5.52,150,17,4.0,38.599,193,"[0.998955, 0.00624736, -0.045271, -1.62815e-10, 0.990612, 0.136704]","['anat', '_acq-tse2p4_run-3_T2w']",W:\MinMo_CI\niftis\Min-Mo-011-020\Min-Mo-018\DICOM\00009790\AA6245DD\AA5FF5E0\0000EA4B\0000EA4B_ax_t2_tse_Med_DRS_480_20251126000000_3.nii.gz
0000324F,3.0,2D,*tse2d1_17,4.0,0.088,6.11,150,17,2.0,164.949,191,"[0.999947, -0.0102775, 0.00010094, 0.010278, 0.999899, -0.00982048]","['anat', '_acq-tse2p2_run-2_T2w']",W:\MinMo_CI\niftis\Min-Mo-011-020\Min-Mo-017\DICOM\0000D989\AABB2B5D\AA7DF3FA\0000324F\0000324F_ax_t2_tse_20251121000000_2.nii.gz
000084BF,3.0,2D,*tse2d1_17,3.0,0.088,6.0,150,17,2.0,149.977,191,"[0.999999, -0.00129847, -0.000580362, 0.000239248, 0.555813, -0.831307]","['anat', '_acq-tse2p2_run-14_T2w']",W:\MinMo_CI\niftis\Min-Mo-011-020\Min-Mo-017\DICOM\0000D989\AABB2B5D\AA7DF3FA\000084BF\000084BF_cor_t2_tse_20251121000000_14.nii.gz
0000A5C5,3.0,2D,*tse2d1_17,4.0,0.086,5.96,150,17,4.0,41.699,193,"[0.999947, -0.0102968, 0.000101129, 0.0102973, 0.999899, -0.00982048]","['anat', '_acq-tse2p4_run-3_T2w']",W:\MinMo_CI\niftis\Min-Mo-011-020\Min-Mo-017\DICOM\0000D989\AABB2B5D\AA7DF3FA\0000A5C5\0000A5C5_ax_t2_tse_Med_DRS_480_20251121000000_3.nii.gz
0000BAD5,3.0,2D,*tse2d1_17,5.0,0.088,5.52,150,17,2.0,182.139,191,"[0.999877, -0.015389, -0.0031556, 0.0157092, 0.979496, 0.200851]","['anat', '_acq-tse2p2_run-2_T2w']",W:\MinMo_CI\niftis\Min-Mo-011-020\Min-Mo-016\DICOM\00004F3E\AA841022\AA6E6E6D\0000BAD5\0000BAD5_ax_t2_tse_20251121000000_2.nii.gz
0000DDFE,3.0,2D,*tse2d1_17,5.0,0.086,5.52,150,17,4.0,38.614,193,"[0.999877, -0.0153871, -0.00315522, 0.0157073, 0.979496, 0.200851]","['anat', '_acq-tse2p4_run-3_T2w']",W:\MinMo_CI\niftis\Min-Mo-011-020\Min-Mo-016\DICOM\00004F3E\AA841022\AA6E6E6D\0000DDFE\0000DDFE_ax_t2_tse_Med_DRS_480_20251121000000_3.nii.gz
00003F32,3.0,2D,*tse2d1_17,5.0,0.086,5.52,150,17,4.0,38.614,193,"[0.999651, 0.0209861, -0.0160363, -0.017449, 0.98055, 0.195494]","['anat', '_acq-tse2p4_run-3_T2w']",W:\MinMo_CI\niftis\Min-Mo-011-020\Min-Mo-015\DICOM\00008616\AA27B412\AAA7E5AA\00003F32\00003F32_ax_t2_tse_Med_DRS_480_20251120000000_3.nii.gz
00007031,3.0,2D,*tse2d1_17,5.0,0.088,5.52,150,17,2.0,182.139,191,"[0.999651, 0.0209861, -0.0160363, -0.017449, 0.98055, 0.195494]","['anat', '_acq-tse2p2_run-2_T2w']",W:\MinMo_CI\niftis\Min-Mo-011-020\Min-Mo-015\DICOM\00008616\AA27B412\AAA7E5AA\00007031\00007031_ax_t2_tse_20251120000000_2.nii.gz
00000609,3.0,2D,*tse2d1_17,4.0,0.086,6.34,150,17,4.0,44.359,193,"[0.987902, 0.134831, -0.0766131, -0.142183, 0.984739, -0.100369]","['anat', '_acq-tse2p4_run-5_T2w']",W:\MinMo_CI\niftis\Min-Mo-011-020\Min-Mo-014\DICOM\0000CB8D\AAA5C4B1\AAC70605\00000609\00000609_ax_t2_tse_Med_DRS_480_20251119000000_5.nii.gz
00006552,3.0,2D,*tse2d1_17,3.0,0.085,5.72,150,17,2.0,142.965,192,"[0.981739, 0.188812, -0.0232099, -0.0715585, 0.253488, -0.964688]","['anat', '_acq-tse2p2_run-29_T2w']",W:\MinMo_CI\niftis\Min-Mo-011-020\Min-Mo-014\DICOM\0000CB8D\AAA5C4B1\AAC70605\00006552\00006552_cor_t2_tse_rpt_20251119000000_29.nii.gz
00007EFB,3.0,2D,*tse2d1_17,4.0,0.088,6.5,150,17,2.0,214.477,191,"[0.987901, 0.134841, -0.0766141, -0.142193, 0.984737, -0.100368]","['anat', '_acq-tse2p2_run-4_T2w']",W:\MinMo_CI\niftis\Min-Mo-011-020\Min-Mo-014\DICOM\0000CB8D\AAA5C4B1\AAC70605\00007EFB\00007EFB_ax_t2_tse_20251119000000_4.nii.gz
00008A68,3.0,2D,*tse2d1_17,3.0,0.088,5.83,150,17,2.0,180.699,191,"[0.981739, 0.188812, -0.0232099, -0.0715585, 0.253488, -0.964688]","['anat', '_acq-tse2p2_run-28_T2w']",W:\MinMo_CI\niftis\Min-Mo-011-020\Min-Mo-014\DICOM\0000CB8D\AAA5C4B1\AAC70605\00008A68\00008A68_cor_t2_tse_20251119000000_28.nii.gz
00002DB4,3.0,2D,*tse2d1_17,5.0,0.088,6.36,150,17,2.0,88.997,191,"[0.99909, 0.0426365, -0.000660664, -0.0144044, 0.322872, -0.946333]","['anat', '_acq-tse2p2_run-15_T2w']",W:\MinMo_CI\niftis\Min-Mo-011-020\Min-Mo-013\DICOM\00003780\AA3D11B4\AA584FB5\00002DB4\00002DB4_cor_t2_tse_20251119000000_15.nii.gz
000042C0,3.0,2D,*tse2d1_17,5.0,0.088,5.52,150,17,2.0,182.137,191,"[0.999132, 0.0247592, -0.0334965, -0.0174399, 0.978941, 0.203396]","['anat', '_acq-tse2p2_run-2_T2w']",W:\MinMo_CI\niftis\Min-Mo-011-020\Min-Mo-013\DICOM\00003780\AA3D11B4\AA584FB5\000042C0\000042C0_ax_t2_tse_20251119000000_2.nii.gz
0000F039,3.0,2D,*tse2d1_17,5.0,0.086,5.52,150,17,4.0,38.614,193,"[0.999132, 0.0247592, -0.0334965, -0.0174399, 0.978941, 0.203396]","['anat', '_acq-tse2p4_run-3_T2w']",W:\MinMo_CI\niftis\Min-Mo-011-020\Min-Mo-013\DICOM\00003780\AA3D11B4\AA584FB5\0000F039\0000F039_ax_t2_tse_Med_DRS_480_20251119000000_3.nii.gz
00001A7D,3.0,2D,*tse2d1_17,5.0,0.088,6.36,150,17,2.0,88.997,191,"[0.998779, 0.0493874, -0.000686592, -0.00961644, 0.180804, -0.983472]","['anat', '_acq-tse2p2_run-16_T2w']",W:\MinMo_CI\niftis\Min-Mo-011-020\Min-Mo-012\DICOM\00008964\AAC745FF\AA9CA8A3\00001A7D\00001A7D_cor_t2_tse_20251118000000_16.nii.gz
000053BA,3.0,2D,*tse2d1_17,5.0,0.088,5.52,150,17,2.0,182.139,191,"[0.997153, 0.026202, -0.0707024, -0.0174054, 0.992343, 0.122281]","['anat', '_acq-tse2p2_run-2_T2w']",W:\MinMo_CI\niftis\Min-Mo-011-020\Min-Mo-012\DICOM\00008964\AAC745FF\AA9CA8A3\000053BA\000053BA_ax_t2_tse_20251118000000_2.nii.gz
00008D72,3.0,2D,*tse2d1_17,5.0,0.088,6.36,150,17,2.0,88.997,191,"[0.993983, 0.109533, -0.000684523, -0.0221902, 0.195243, -0.980504]","['anat', '_acq-tse2p2_run-18_T2w']",W:\MinMo_CI\niftis\Min-Mo-011-020\Min-Mo-012\DICOM\00008964\AAC745FF\AA9CA8A3\00008D72\00008D72_cor_t2_tse_20251118000000_18.nii.gz
0000B06C,3.0,2D,*tse2d1_17,5.0,0.086,5.52,150,17,4.0,38.614,193,"[0.997153, 0.026202, -0.0707024, -0.0174054, 0.992343, 0.122281]","['anat', '_acq-tse2p4_run-3_T2w']",W:\MinMo_CI\niftis\Min-Mo-011-020\Min-Mo-012\DICOM\00008964\AAC745FF\AA9CA8A3\0000B06C\0000B06C_ax_t2_tse_Med_DRS_480_20251118000000_3.nii.gz
00003F0D,3.0,2D,*tse2d1_17,5.0,0.088,6.36,150,17,2.0,89.017,191,"[0.999384, 0.0350748, -0.000672749, -0.0100196, 0.267004, -0.963643]","['anat', '_acq-tse2p2_run-16_T2w']",W:\MinMo_CI\niftis\Min-Mo-011-020\Min-Mo-011\DICOM\0000679B\AACFD82F\AA304FD7\00003F0D\00003F0D_cor_t2_tse_20251118000000_16.nii.gz
00008245,3.0,2D,*tse2d1_17,5.0,0.086,5.77,150,17,4.0,40.369,193,"[0.999848, 0.0171905, 0.00301232, -0.0174524, 0.984842, 0.172576]","['anat', '_acq-tse2p4_run-3_T2w']",W:\MinMo_CI\niftis\Min-Mo-011-020\Min-Mo-011\DICOM\0000679B\AACFD82F\AA304FD7\00008245\00008245_ax_t2_tse_Med_DRS_480_20251118000000_3.nii.gz
0000CBD9,3.0,2D,*tse2d1_17,5.0,0.088,5.91,150,17,2.0,195.009,191,"[0.999848, 0.0171905, 0.00301232, -0.0174524, 0.984842, 0.172576]","['anat', '_acq-tse2p2_run-2_T2w']",W:\MinMo_CI\niftis\Min-Mo-011-020\Min-Mo-011\DICOM\0000679B\AACFD82F\AA304FD7\0000CBD9\0000CBD9_ax_t2_tse_20251118000000_2.nii.gz
00000C5E,3.0,2D,*tse2d1_17,5.0,0.088,5.52,150,17,2.0,165.579,191,"[0.996674, -0.0606974, 0.0543844, 0.0606152, 0.998156, 0.00316104]","['anat', '_acq-tse2p2_run-2_T2w']",W:\MinMo_CI\niftis\Min-Mo-006 to 010\Min-Mo-010\DICOM\0000AEC8\AA02806E\AA5C7CB0\00000C5E\00000C5E_ax_t2_tse_20251114000000_2.nii.gz
0000E508,3.0,2D,*tse2d1_17,5.0,0.086,5.38,150,17,4.0,32.259,193,"[0.996674, -0.0606922, 0.0543844, 0.06061, 0.998157, 0.00316075]","['anat', '_acq-tse2p4_run-3_T2w']",W:\MinMo_CI\niftis\Min-Mo-006 to 010\Min-Mo-010\DICOM\0000AEC8\AA02806E\AA5C7CB0\0000E508\0000E508_ax_t2_tse_Med_DRS_480_20251114000000_3.nii.gz
0000736D,3.0,2D,*tse2d1_17,5.0,0.088,5.91,150,17,2.0,195.009,191,"[0.998578, 0.0177751, -0.0502554, -0.0174302, 0.999821, 0.00729133]","['anat', '_acq-tse2p2_run-2_T2w']",W:\MinMo_CI\niftis\Min-Mo-006 to 010\Min-Mo-009\DICOM\0000358D\AA664389\AA81B654\0000736D\0000736D_ax_t2_tse_20251113000000_2.nii.gz
0000A7D4,3.0,2D,*tse2d1_17,5.0,0.086,5.77,150,17,4.0,40.369,193,"[0.998578, 0.0177751, -0.0502554, -0.0174302, 0.999821, 0.00729133]","['anat', '_acq-tse2p4_run-3_T2w']",W:\MinMo_CI\niftis\Min-Mo-006 to 010\Min-Mo-009\DICOM\0000358D\AA664389\AA81B654\0000A7D4\0000A7D4_ax_t2_tse_Med_DRS_480_20251113000000_3.nii.gz
0000318C,3.0,2D,*tse2d1_17,5.0,0.088,6.36,150,17,2.0,89.017,191,"[0.999995, -0.00322033, -0.00067275, 0.000212155, 0.267192, -0.963643]","['anat', '_acq-tse2p2_run-21_T2w']",W:\MinMo_CI\niftis\Min-Mo-006 to 010\Min-Mo-008\DICOM\0000B428\AA052CA9\AAC04D0F\0000318C\0000318C_cor_t2_tse_20251108000000_21.nii.gz
0000DAA0,3.0,2D,*tse2d1_17,5.0,0.086,5.52,150,17,4.0,38.614,193,"[0.998192, 0.0196112, -0.0568195, -0.0174235, 0.999097, 0.0387461]","['anat', '_acq-tse2p4_run-4_T2w']",W:\MinMo_CI\niftis\Min-Mo-006 to 010\Min-Mo-008\DICOM\0000B428\AA052CA9\AAC04D0F\0000DAA0\0000DAA0_ax_t2_tse_Med_DRS_480_20251108000000_4.nii.gz
0000E9B2,3.0,2D,*tse2d1_17,5.0,0.088,5.52,150,17,2.0,182.139,191,"[0.998192, 0.0196112, -0.0568195, -0.0174235, 0.999097, 0.0387461]","['anat', '_acq-tse2p2_run-3_T2w']",W:\MinMo_CI\niftis\Min-Mo-006 to 010\Min-Mo-008\DICOM\0000B428\AA052CA9\AAC04D0F\0000E9B2\0000E9B2_ax_t2_tse_20251108000000_3.nii.gz
00006F22,3.0,2D,*tse2d1_17,5.0,0.088,5.52,150,17,2.0,182.139,191,"[0.999333, 0.0171649, 0.0322217, -0.0222668, 0.985985, 0.165342]","['anat', '_acq-tse2p2_run-2_T2w']",W:\MinMo_CI\niftis\Min-Mo-006 to 010\Min-Mo-007\DICOM\00007ABD\AA3298BF\AA35022C\00006F22\00006F22_ax_t2_tse_20251105000000_2.nii.gz
0000C111,3.0,2D,*tse2d1_17,5.0,0.088,6.36,150,17,2.0,89.017,191,"[0.996994, 0.0774704, -0.000672896, -0.0212885, 0.265598, -0.963849]","['anat', '_acq-tse2p2_run-16_T2w']",W:\MinMo_CI\niftis\Min-Mo-006 to 010\Min-Mo-007\DICOM\00007ABD\AA3298BF\AA35022C\0000C111\0000C111_cor_t2_tse_20251105000000_16.nii.gz
0000C8F1,3.0,2D,*tse2d1_17,5.0,0.086,5.52,150,17,4.0,38.614,193,"[0.999332, 0.0172263, 0.032232, -0.022329, 0.985984, 0.16534]","['anat', '_acq-tse2p4_run-3_T2w']",W:\MinMo_CI\niftis\Min-Mo-006 to 010\Min-Mo-007\DICOM\00007ABD\AA3298BF\AA35022C\0000C8F1\0000C8F1_ax_t2_tse_Med_DRS_480_20251105000000_3.nii.gz
000038B1,3.0,2D,*tse2d1_17,5.0,0.086,5.52,150,17,4.0,38.617,193,"[0.999848, 0.0174524, 4.10655e-05, -0.0174524, 0.999845, 0.00235264]","['anat', '_acq-tse2p4_run-3_T2w']",W:\MinMo_CI\niftis\Min-Mo-006 to 010\Min-Mo-006\DICOM\000085C1\AAF23C1D\AAE7471F\000038B1\000038B1_ax_t2_tse_Med_DRS_480_20251105000000_3.nii.gz
000055EB,3.0,2D,*tse2d1_17,5.0,0.088,6.36,150,17,2.0,88.997,191,"[0.998966, 0.0454529, -0.000686458, -0.00895131, 0.181882, -0.98328]","['anat', '_acq-tse2p2_run-16_T2w']",W:\MinMo_CI\niftis\Min-Mo-006 to 010\Min-Mo-006\DICOM\000085C1\AAF23C1D\AAE7471F\000055EB\000055EB_cor_t2_tse_20251105000000_16.nii.gz
00008927,3.0,2D,*tse2d1_17,5.0,0.088,5.52,150,17,2.0,182.137,191,"[0.999848, 0.0174524, 4.10655e-05, -0.0174524, 0.999845, 0.00235264]","['anat', '_acq-tse2p2_run-2_T2w']",W:\MinMo_CI\niftis\Min-Mo-006 to 010\Min-Mo-006\DICOM\000085C1\AAF23C1D\AAE7471F\00008927\00008927_ax_t2_tse_20251105000000_2.nii.gz
00003344,3.0,2D,*tse2d1_17,5.0,0.086,5.52,150,17,4.0,33.079,193,"[0.988182, 0.126545, -0.086504, -0.126063, 0.991961, 0.0110354]","['anat', '_acq-tse2p4_run-3_T2w']",W:\MinMo_CI\niftis\Min-Mo-001 to 005\Min-Mo-005\DICOM\0000C352\AAB5C999\AAF4C65F\00003344\00003344_ax_t2_tse_Med_DRS_480_20251023000000_3.nii.gz
0000344E,3.0,2D,*tse2d1_17,5.0,0.088,5.13,150,17,2.0,138.487,191,"[0.988174, 0.126609, -0.0865033, -0.126127, 0.991953, 0.011041]","['anat', '_acq-tse2p2_run-2_T2w']",W:\MinMo_CI\niftis\Min-Mo-001 to 005\Min-Mo-005\DICOM\0000C352\AAB5C999\AAF4C65F\0000344E\0000344E_ax_t2_tse_20251023000000_2.nii.gz
00007B72,3.0,2D,*tse2d1_17,5.0,0.088,5.72,150,17,2.0,62.897,191,"[0.984712, 0.169268, -0.0411178, -0.0672888, 0.151912, -0.986101]","['anat', '_acq-tse2p2_run-16_T2w']",W:\MinMo_CI\niftis\Min-Mo-001 to 005\Min-Mo-005\DICOM\0000C352\AAB5C999\AAF4C65F\00007B72\00007B72_cor_t2_tse_20251023000000_16.nii.gz
000006EE,3.0,2D,*tse2d1_17,5.0,0.088,5.52,150,17,2.0,182.137,191,"[0.999848, 0.017425, -0.000978225, -0.0174524, 0.998276, -0.0560425]","['anat', '_acq-tse2p2_run-2_T2w']",W:\MinMo_CI\niftis\Min-Mo-001 to 005\Min-Mo-004\DICOM\00007A23\AA337C33\AA19DE6F\000006EE\000006EE_ax_t2_tse_20251014000000_2.nii.gz
00002631,3.0,2D,*tse2d1_17,5.0,0.088,6.36,150,17,2.0,88.997,191,"[0.999735, -0.023013, -0.00067275, 0.00550074, 0.267135, -0.963643]","['anat', '_acq-tse2p2_run-16_T2w']",W:\MinMo_CI\niftis\Min-Mo-001 to 005\Min-Mo-004\DICOM\00007A23\AA337C33\AA19DE6F\00002631\00002631_cor_t2_tse_20251014000000_16.nii.gz
0000A47D,3.0,2D,*tse2d1_17,5.0,0.086,5.52,150,17,4.0,38.614,193,"[0.999848, 0.017425, -0.000978225, -0.0174524, 0.998276, -0.0560425]","['anat', '_acq-tse2p4_run-3_T2w']",W:\MinMo_CI\niftis\Min-Mo-001 to 005\Min-Mo-004\DICOM\00007A23\AA337C33\AA19DE6F\0000A47D\0000A47D_ax_t2_tse_Med_DRS_480_20251014000000_3.nii.gz
00000323,3.0,2D,*tse2d1_17,5.0,0.088,6.36,150,17,2.0,88.997,191,"[0.999956, 0.00940466, -0.00067269, -0.0031639, 0.267483, -0.963557]","['anat', '_acq-tse2p2_run-16_T2w']",W:\MinMo_CI\niftis\Min-Mo-001 to 005\Min-Mo-003\DICOM\0000AEF4\AA1EAF87\AACD23BA\00000323\00000323_cor_t2_tse_20251001000000_16.nii.gz
00002DA5,3.0,2D,*tse2d1_17,5.0,0.088,5.52,150,17,2.0,182.139,191,"[0.999305, 0.019984, -0.0314727, -0.0174429, 0.996719, 0.0790399]","['anat', '_acq-tse2p2_run-2_T2w']",W:\MinMo_CI\niftis\Min-Mo-001 to 005\Min-Mo-003\DICOM\0000AEF4\AA1EAF87\AACD23BA\00002DA5\00002DA5_ax_t2_tse_20251001000000_2.nii.gz
00004447,3.0,2D,*tse2d1_17,5.0,0.086,5.52,150,17,4.0,38.614,193,"[0.999305, 0.019984, -0.0314727, -0.0174429, 0.996719, 0.0790399]","['anat', '_acq-tse2p4_run-3_T2w']",W:\MinMo_CI\niftis\Min-Mo-001 to 005\Min-Mo-003\DICOM\0000AEF4\AA1EAF87\AACD23BA\00004447\00004447_ax_t2_tse_Med_DRS_480_20251001000000_3.nii.gz
0000064C,3.0,2D,*tse2d1_17,5.0,0.086,5.52,150,17,4.0,38.614,193,"[0.991853, 0.111443, -0.0617057, -0.102323, 0.985526, 0.135158]","['anat', '_acq-tse2p4_run-3_T2w']",W:\MinMo_CI\niftis\Min-Mo-001 to 005\Min-Mo-002\DICOM\00009B90\AA952F2D\AA104D4D\0000064C\0000064C_ax_t2_tse_Med_DRS_480_20251001000000_3.nii.gz
000050CE,3.0,2D,*tse2d1_17,5.0,0.088,5.52,150,17,2.0,182.139,191,"[0.99186, 0.11138, -0.0617144, -0.10226, 0.985534, 0.135154]","['anat', '_acq-tse2p2_run-2_T2w']",W:\MinMo_CI\niftis\Min-Mo-001 to 005\Min-Mo-002\DICOM\00009B90\AA952F2D\AA104D4D\000050CE\000050CE_ax_t2_tse_20251001000000_2.nii.gz
00007108,3.0,2D,*tse2d1_17,5.0,0.088,6.36,150,17,2.0,89.009,191,"[0.990225, 0.139475, -0.000671805, -0.0385834, 0.269294, -0.962285]","['anat', '_acq-tse2p2_run-22_T2w']",W:\MinMo_CI\niftis\Min-Mo-001 to 005\Min-Mo-002\DICOM\00009B90\AA952F2D\AA104D4D\00007108\00007108_cor_t2_tse_20251001000000_22.nii.gz
0000A952,3.0,2D,*tse2d1_17,5.0,0.088,6.36,150,17,2.0,89.012,191,"[0.990225, 0.139475, -0.000671805, -0.0385834, 0.269294, -0.962285]","['anat', '_acq-tse2p2_run-23_T2w']",W:\MinMo_CI\niftis\Min-Mo-001 to 005\Min-Mo-002\DICOM\00009B90\AA952F2D\AA104D4D\0000A952\0000A952_cor_t2_tse_RPT_20251001000000_23.nii.gz
00009509,3.0,2D,*tse2d1_17,5.0,0.088,5.52,150,17,2.0,182.139,191,"[0.995656, 0.0444229, 0.081825, -0.0590107, 0.980864, 0.185537]","['anat', '_acq-tse2p2_run-2_T2w']",W:\MinMo_CI\niftis\Min-Mo-001 to 005\Min-Mo-001\DICOM\00006527\AA3F4F63\AACCC5A7\00009509\00009509_ax_t2_tse_20250924000000_2.nii.gz
0000C351,3.0,2D,*tse2d1_17,5.0,0.086,5.52,150,17,4.0,38.614,193,"[0.995658, 0.0443913, 0.081819, -0.0589786, 0.980865, 0.18554]","['anat', '_acq-tse2p4_run-3_T2w']",W:\MinMo_CI\niftis\Min-Mo-001 to 005\Min-Mo-001\DICOM\00006527\AA3F4F63\AACCC5A7\0000C351\0000C351_ax_t2_tse_Med_DRS_480_20250924000000_3.nii.gz
